Vendor_ID,Vendor_Name
V1000,Apex Industrial Supplies
V1001,Gulf Trading Co.
V1002,Falcon Hardware LLC
V1003,Oman Steel Works
V1004,Al Madina Distributors
V1005,Premier Packaging Ltd
V1006,Horizon Logistics
V1007,Bright Star Trading
V1008,Continental Supplies
V1009,Atlas Equipment Co.
V1010,Nova Materials Group
V1011,Desert Rose Wholesale
V1012,Pioneer Industrial Co.
V1013,Zenith Trading LLC
V1014,Crescent Supply Chain
V1015,Reliable Parts Co.
V1016,Summit Distributors
V1017,Coastal Hardware Group
V1018,Vertex Industrial Ltd
V1019,Golden Gate Supplies
V1020,Trident Trading Co.
V1021,Meridian Equipment
V1022,Phoenix Wholesale Group
V1023,Anchor Supply Co.
V1024,Beacon Industrial Trading
V1025,Orion Materials Ltd
V1026,Cascade Supplies Co.
V1027,Highland Trading Group
V1028,Quantum Equipment Co.
V1029,Sterling Distributors
